Player,Art Ross Awards,Conn Smythe Awards,Hart Awards,Calder Awards,James Norris Awards,Ted Lindsay Awards,Maurice Richard Awards,Cups,All-Star Games
Ace Bailey,1,0,0,0,0,0,0,1,0
Alexander Ovechkin,1,1,3,1,0,3,9,1,7
Babe Dye,2,0,0,0,0,0,0,1,0
Bernard Geoffrion,2,0,1,1,0,0,0,0,11
Bill Cook,2,0,0,0,0,0,0,2,0
Bill Cowley,1,0,2,0,0,0,0,2,0
Bobby Hull,3,0,2,0,0,0,0,1,12
Bobby Orr,2,2,3,1,8,1,0,2,7
Bryan Hextall,1,0,0,0,0,0,0,0,0
Bryan Trottier,1,1,1,1,0,0,0,0,8
Busher Jackson,1,0,0,0,0,0,0,1,0
Charlie Conacher,2,0,0,0,0,0,0,1,0
Connor McDavid,2,0,1,0,0,2,0,0,4
Cooney Weiland,1,0,0,0,0,0,0,2,0
Cy Denneny,1,0,0,0,0,0,0,0,0
Daniel Sedin,1,0,0,0,0,1,0,0,3
Dave Schriner,2,0,0,0,0,0,0,0,0
Dickie Moore,2,0,0,0,0,0,0,0,6
Doug Bentley,1,0,0,0,0,0,0,0,5
Elmer Lach,2,0,1,0,0,0,0,3,3
Yevgeni Malkin,2,1,1,1,0,1,0,3,4
Gordie Drillon,1,0,0,0,0,0,0,1,0
Gordie Howe,6,0,6,0,0,0,0,4,23
Guy Lafleur,3,1,2,0,0,3,0,0,6
Henrik Sedin,1,0,1,0,0,0,0,0,3
Herb Cain,1,0,0,0,0,0,0,2,0
Howie Morenz,2,0,3,0,0,0,0,3,0
Jamie Benn,1,0,0,0,0,0,0,0,2
Jarome Iginla,1,0,0,0,0,1,2,0,6
Jaromir Jagr,5,0,1,0,0,3,0,2,10
Jean Beliveau,1,1,2,0,0,0,0,0,13
Joe Malone,2,0,0,0,0,0,0,1,0
Joe Thornton,1,0,1,0,0,0,0,0,6
Leon Draisaitl,1,0,1,0,0,1,0,0,2
Marcel Dionne,1,0,0,0,0,2,0,0,8
Mario Lemieux,6,2,3,1,0,4,0,2,10
Martin St. Louis,2,0,1,0,0,1,0,1,6
Max Bentley,2,0,1,0,0,0,0,3,4
Milt Schmidt,1,0,1,0,0,0,0,2,4
Nels Stewart,1,0,2,0,0,0,0,1,0
Newsy Lalonde,1,0,0,0,0,0,0,0,0
Nikita Kucherov,1,0,1,0,0,1,0,1,3
Odie Cleghorn,1,0,0,0,0,0,0,1,0
Patrick Kane,1,1,1,1,0,1,0,3,9
Peter Forsberg,1,0,1,1,0,0,0,2,5
Phil Esposito,5,0,2,0,0,2,0,2,10
Punch Broadbent,1,0,0,0,0,0,0,0,0
Roy Conacher,1,0,0,0,0,0,0,2,1
Sidney Crosby,2,2,2,0,0,3,2,3,4
Stan Mikita,4,0,2,0,0,0,0,1,9
Ted Lindsay,1,0,0,0,0,0,0,4,11
Toe Blake,1,0,1,0,0,0,0,3,0
Wayne Gretzky,10,2,9,0,0,5,0,4,18
Al MacInnis,0,1,0,0,1,0,0,1,12
Bernie Parent,0,2,0,0,0,0,0,0,0
Bill Ranford,0,1,0,0,0,0,0,0,0
Billy Smith,0,1,0,0,0,0,0,0,0
Bob Gainey,0,1,0,0,0,0,0,0,4
Brad Richards,0,1,0,0,0,0,0,2,1
Brian Leetch,0,1,0,1,2,0,0,1,9
Butch Goring,0,1,0,0,0,0,0,4,1
Cam Ward,0,1,0,0,0,0,0,0,0
Claude Lemieux,0,1,0,0,0,0,0,4,0
Dave Keon,0,1,0,1,0,0,0,4,8
Duncan Keith,0,1,0,0,2,0,0,3,4
Glenn Hall*,0,1,0,0,0,0,0,0,0
Henrik Zetterberg,0,1,0,0,0,0,0,1,0
Jean-Sebastien Giguere*,0,1,0,0,0,0,0,0,0
Joe Nieuwendyk,0,1,0,1,0,0,0,3,4
Joe Sakic,0,1,1,0,0,1,0,2,12
Jonathan Quick,0,1,0,0,0,0,0,0,0
Jonathan Toews,0,1,0,0,0,0,0,3,4
Justin Williams,0,1,0,0,0,0,0,3,1
Ken Dryden,0,1,0,1,0,0,0,0,0
Larry Robinson,0,1,0,0,2,0,0,0,10
Mark Messier,0,1,2,0,0,2,0,0,15
Mike Bossy,0,1,0,1,0,0,0,4,7
Mike Vernon,0,1,0,0,0,0,0,0,0
Nicklas Lidstrom,0,1,0,0,7,0,0,4,11
Patrick Roy,0,3,0,0,0,0,0,0,0
Reggie Leach*,0,1,0,0,0,0,0,0,0
Roger Crozier*,0,1,0,0,0,0,0,0,0
Ron Hextall*,0,1,0,0,0,0,0,0,0
Ryan O'Reilly,0,1,0,0,0,0,0,1,3
Scott Niedermayer,0,1,0,0,1,0,0,4,5
Scott Stevens,0,1,0,0,0,0,0,3,13
Serge Savard,0,1,0,0,0,0,0,0,4
Steve Yzerman,0,1,0,0,0,1,0,3,9
Tim Thomas,0,1,0,0,0,0,0,0,0
Victor Hedman,0,1,0,0,1,0,0,1,2
Yvan Cournoyer,0,1,0,0,0,0,0,0,6
Al Rollins,0,0,1,0,0,0,0,0,0
Andy Bathgate,0,0,1,0,0,0,0,1,8
Aurele Joliat,0,0,1,0,0,0,0,3,0
Babe Pratt,0,0,1,0,0,0,0,2,0
Babe Siebert,0,0,1,0,0,0,0,2,0
Billy Burch,0,0,1,0,0,0,0,0,0
Bobby Clarke,0,0,3,0,0,1,0,2,8
Brett Hull,0,0,1,0,0,1,0,2,8
Buddy O'Connor,0,0,1,0,0,0,0,2,1
Carey Price,0,0,1,0,0,1,0,0,0
Chris Pronger,0,0,1,0,1,0,0,1,5
Chuck Rayner,0,0,1,0,0,0,0,0,0
Corey Perry,0,0,1,0,0,0,1,1,4
Dominik Hasek,0,0,2,0,0,2,0,0,0
Ebbie Goodfellow,0,0,1,0,0,0,0,2,0
Eddie Shore,0,0,4,0,0,0,0,2,0
Eric Lindros,0,0,1,0,0,1,0,0,6
Frank Nighbor,0,0,1,0,0,0,0,4,0
Herb Gardiner,0,0,1,0,0,0,0,0,0
Jacques Plante,0,0,1,0,0,0,0,0,0
Jose Theodore,0,0,1,0,0,0,0,0,0
Maurice Richard,0,0,1,0,0,0,0,0,13
Roy Worters,0,0,1,0,0,0,0,0,0
Sergei Fedorov,0,0,1,0,0,1,0,3,6
Sid Abel,0,0,1,0,0,0,0,3,3
Taylor Hall,0,0,1,0,0,0,0,0,2
Ted Kennedy,0,0,1,0,0,0,0,0,6
Tom Anderson,0,0,1,0,0,0,0,0,0
Aaron Ekblad,0,0,0,1,0,0,0,0,2
Andrew Raycroft,0,0,0,1,0,0,0,0,0
Artemi Panarin,0,0,0,1,0,0,0,0,0
Auston Matthews,0,0,0,1,0,0,0,0,3
Barret Jackman,0,0,0,1,0,0,0,0,0
Bill Hay,0,0,0,1,0,0,0,1,2
Bobby Rousseau,0,0,0,1,0,0,0,4,3
Bobby Smith,0,0,0,1,0,0,0,1,4
Brit Selby,0,0,0,1,0,0,0,0,0
Bryan Berard,0,0,0,1,0,0,0,0,0
Cale Makar,0,0,0,1,0,0,0,0,0
Camille Henry,0,0,0,1,0,0,0,0,3
Carl Voss,0,0,0,1,0,0,0,1,0
Chris Drury,0,0,0,1,0,0,0,1,0
Cully Dahlstrom,0,0,0,1,0,0,0,1,0
Dale Hawerchuk,0,0,0,1,0,0,0,0,5
Daniel Alfredsson,0,0,0,1,0,0,0,0,6
Danny Grant,0,0,0,1,0,0,0,1,3
Dany Heatley,0,0,0,1,0,0,0,0,3
Denis Potvin,0,0,0,1,3,0,0,4,9
Derek Sanderson,0,0,0,1,0,0,0,2,0
Ed Belfour,0,0,0,1,0,0,0,0,0
Ed Litzenberger,0,0,0,1,0,0,0,4,6
Edgar Laprade,0,0,0,1,0,0,0,0,4
Elias Pettersson,0,0,0,1,0,0,0,0,2
Eric Vail,0,0,0,1,0,0,0,0,1
Evgeni Nabokov,0,0,0,1,0,0,0,0,0
Frank Brimsek,0,0,0,1,0,0,0,0,0
Frank Mahovlich,0,0,0,1,0,0,0,0,15
Frank McCool,0,0,0,1,0,0,0,0,0
Gabriel Landeskog,0,0,0,1,0,0,0,0,1
Gary Suter,0,0,0,1,0,0,0,1,4
Gaye Stewart,0,0,0,1,0,0,0,2,4
Gilbert Perreault,0,0,0,1,0,0,0,0,6
Glenn Hall,0,0,0,1,0,0,0,0,0
Grant Warwick,0,0,0,1,0,0,0,0,1
Gump Worsley,0,0,0,1,0,0,0,0,0
Gus Bodnar,0,0,0,1,0,0,0,2,1
Howie Meeker,0,0,0,1,0,0,0,4,3
Jack Gelineau,0,0,0,1,0,0,0,0,0
Jacques Laperriere,0,0,0,1,1,0,0,0,5
Jeff Skinner,0,0,0,1,0,0,0,0,2
Jim McFadden,0,0,0,1,0,0,0,1,1
John Quilty,0,0,0,1,0,0,0,0,0
Jonathan Huberdeau,0,0,0,1,0,0,0,0,1
Kent Douglas,0,0,0,1,0,0,0,2,3
Kilby MacDonald,0,0,0,1,0,0,0,1,0
Larry Regan,0,0,0,1,0,0,0,0,0
Luc Robitaille,0,0,0,1,0,0,0,1,8
Martin Brodeur,0,0,0,1,0,0,0,0,0
Mathew Barzal,0,0,0,1,0,0,0,0,2
Mike Karakas,0,0,0,1,0,0,0,0,0
Nathan MacKinnon,0,0,0,1,0,0,0,0,4
Pavel Bure,0,0,0,1,0,0,2,0,6
Pentti Lund,0,0,0,1,0,0,0,0,0
Peter Stastny,0,0,0,1,0,0,0,0,6
Ralph Backstrom,0,0,0,1,0,0,0,0,6
Raymond Bourque,0,0,0,1,5,0,0,1,19
Roger Crozier,0,0,0,1,0,0,0,0,0
Russ Blinco,0,0,0,1,0,0,0,1,0
Scott Gomez,0,0,0,1,0,0,0,2,2
Sergei Makarov,0,0,0,1,0,0,0,0,0
Sergei Samsonov,0,0,0,1,0,0,0,0,1
Steve Larmer,0,0,0,1,0,0,0,1,2
Steve Mason,0,0,0,1,0,0,0,0,0
Steve Vickers,0,0,0,1,0,0,0,0,2
David Schriner,0,0,0,1,0,0,0,2,0
Syl Apps,0,0,0,1,0,0,0,3,1
Teemu Selanne,0,0,0,1,0,0,1,1,10
Terry Sawchuk,0,0,0,1,0,0,0,0,0
Tom Barrasso,0,0,0,1,0,0,0,0,0
Tony Esposito,0,0,0,1,0,0,0,0,0
Tyler Myers,0,0,0,1,0,0,0,0,0
Willi Plett,0,0,0,1,0,0,0,0,0
Brent Burns,0,0,0,0,1,0,0,0,6
Chris Chelios,0,0,0,0,3,0,0,3,11
Doug Harvey,0,0,0,0,7,0,0,0,13
Doug Wilson,0,0,0,0,1,0,0,0,7
Drew Doughty,0,0,0,0,1,0,0,2,5
Erik Karlsson,0,0,0,0,2,0,0,0,6
Harry Howell,0,0,0,0,1,0,0,0,7
Mark Giordano,0,0,0,0,1,0,0,0,3
P.K. Subban,0,0,0,0,1,0,0,0,3
Paul Coffey,0,0,0,0,3,0,0,4,14
Pierre Pilote,0,0,0,0,3,0,0,1,8
Randy Carlyle,0,0,0,0,1,0,0,0,4
Red Kelly,0,0,0,0,1,0,0,0,12
Rob Blake,0,0,0,0,1,0,0,1,7
Rod Langway,0,0,0,0,2,0,0,1,6
Roman Josi,0,0,0,0,1,0,0,0,3
Tom Johnson,0,0,0,0,1,0,0,0,8
Zdeno Chara,0,0,0,0,1,0,0,1,6
Jean Ratelle,0,0,0,0,0,1,0,0,5
Markus Naslund,0,0,0,0,0,1,0,0,5
Mike Liut,0,0,0,0,0,1,0,0,0
David Pastrnak,0,0,0,0,0,0,1,0,2
Ilya Kovalchuk,0,0,0,0,0,0,1,0,3
Jonathan Cheechoo,0,0,0,0,0,0,1,0,1
Milan Hejduk,0,0,0,0,0,0,1,1,3
Rick Nash,0,0,0,0,0,0,1,0,6
Steven Stamkos,0,0,0,0,0,0,2,1,6
Vincent Lecavalier,0,0,0,0,0,0,1,1,4
Buck Boucher,0,0,0,0,0,0,0,4,0
Harry Broadbent,0,0,0,0,0,0,0,4,0
Eddie Gerard,0,0,0,0,0,0,0,4,0
Gordon Pettinger,0,0,0,0,0,0,0,4,0
Nick Metz,0,0,0,0,0,0,0,4,0
Wally Stanowski,0,0,0,0,0,0,0,4,1
Emile Bouchard,0,0,0,0,0,0,0,4,6
Ken Mosdell,0,0,0,0,0,0,0,4,5
Bill Barilko,0,0,0,0,0,0,0,4,3
Joe Klukay,0,0,0,0,0,0,0,4,3
Gus Mortson,0,0,0,0,0,0,0,4,8
Jimmy Thomson,0,0,0,0,0,0,0,4,7
Marty Pavelich,0,0,0,0,0,0,0,4,4
Johnny Wilson,0,0,0,0,0,0,0,4,2
Floyd Curry,0,0,0,0,0,0,0,4,5
Al Arbour,0,0,0,0,0,0,0,4,1
Marcel Bonin,0,0,0,0,0,0,0,4,5
Phil Goyette,0,0,0,0,0,0,0,4,4
Andre Pronovost,0,0,0,0,0,0,0,4,4
Ab McDonald,0,0,0,0,0,0,0,4,5
George Armstrong,0,0,0,0,0,0,0,4,7
Bob Baun,0,0,0,0,0,0,0,4,5
Tim Horton,0,0,0,0,0,0,0,4,7
Bob Pulford,0,0,0,0,0,0,0,4,6
Eddie Shack,0,0,0,0,0,0,0,4,3
Allan Stanley,0,0,0,0,0,0,0,4,7
Gilles Tremblay,0,0,0,0,0,0,0,4,2
Pete Mahovlich,0,0,0,0,0,0,0,4,2
Murray Wilson,0,0,0,0,0,0,0,4,0
Rick Chartraw,0,0,0,0,0,0,0,4,0
Doug Jarvis,0,0,0,0,0,0,0,4,0
Yvon Lambert,0,0,0,0,0,0,0,4,0
Doug Risebrough,0,0,0,0,0,0,0,4,0
Bob Bourne,0,0,0,0,0,0,0,4,1
Clark Gillies,0,0,0,0,0,0,0,4,1
Anders Kallur,0,0,0,0,0,0,0,4,0
Gord Lane,0,0,0,0,0,0,0,4,0
Dave Langevin,0,0,0,0,0,0,0,4,1
Wayne Merrick,0,0,0,0,0,0,0,4,0
Ken Morrow,0,0,0,0,0,0,0,4,0
Bob Nystrom,0,0,0,0,0,0,0,4,1
Stefan Persson,0,0,0,0,0,0,0,4,0
Duane Sutter,0,0,0,0,0,0,0,4,0
John Tonelli,0,0,0,0,0,0,0,4,2
Billy Carroll,0,0,0,0,0,0,0,4,0
Kevin McClelland,0,0,0,0,0,0,0,4,0
Jeff Beukeboom,0,0,0,0,0,0,0,4,0
Craig MacTavish,0,0,0,0,0,0,0,4,1
Larry Murphy,0,0,0,0,0,0,0,4,3
Kris Draper,0,0,0,0,0,0,0,4,0
Tomas Holmstrom,0,0,0,0,0,0,0,4,0
Kirk Maltby,0,0,0,0,0,0,0,4,0
Darren McCarty,0,0,0,0,0,0,0,4,0
Chris Kunitz,0,0,0,0,0,0,0,4,0
Reg Noble,0,0,0,0,0,0,0,3,0
Sprague Cleghorn,0,0,0,0,0,0,0,3,0
Jack Darragh,0,0,0,0,0,0,0,3,0
King Clancy,0,0,0,0,0,0,0,3,0
Sylvio Mantha,0,0,0,0,0,0,0,3,0
Hec Kilrea,0,0,0,0,0,0,0,3,0
Paul Thompson,0,0,0,0,0,0,0,3,0
Dit Clapper,0,0,0,0,0,0,0,3,0
Mud Bruneteau,0,0,0,0,0,0,0,3,0
Syd Howe,0,0,0,0,0,0,0,3,0
Bucko McDonald,0,0,0,0,0,0,0,3,0
Mel Hill,0,0,0,0,0,0,0,3,0
Jim Peters,0,0,0,0,0,0,0,3,1
Garth Boesch,0,0,0,0,0,0,0,3,2
Bill Ezinicki,0,0,0,0,0,0,0,3,2
Vic Lynn,0,0,0,0,0,0,0,3,3
Sid Smith,0,0,0,0,0,0,0,3,7
Alex Delvecchio,0,0,0,0,0,0,0,3,13
Tony Leswick,0,0,0,0,0,0,0,3,6
Glen Skov,0,0,0,0,0,0,0,3,1
Vic Stasiuk,0,0,0,0,0,0,0,3,1
Benny Woit,0,0,0,0,0,0,0,3,1
Albert Langlois,0,0,0,0,0,0,0,3,2
Carl Brewer,0,0,0,0,0,0,0,3,4
Billy Harris,0,0,0,0,0,0,0,3,4
Ron Stewart,0,0,0,0,0,0,0,3,4
Don Awrey,0,0,0,0,0,0,0,3,1
Bill Nyrop,0,0,0,0,0,0,0,3,0
Pierre Mondou,0,0,0,0,0,0,0,3,0
Pat Hughes,0,0,0,0,0,0,0,3,0
Mike McEwen,0,0,0,0,0,0,0,3,1
Greg Gilbert,0,0,0,0,0,0,0,3,0
Dave Hunter,0,0,0,0,0,0,0,3,0
Jaroslav Pouzar,0,0,0,0,0,0,0,3,0
Mike Krushelnyski,0,0,0,0,0,0,0,3,1
Guy Carbonneau,0,0,0,0,0,0,0,3,0
Craig Muni,0,0,0,0,0,0,0,3,0
Steve Smith,0,0,0,0,0,0,0,3,1
Jiri Hrdina,0,0,0,0,0,0,0,3,0
Joe Mullen,0,0,0,0,0,0,0,3,3
Mark Recchi,0,0,0,0,0,0,0,3,7
Mike Keane,0,0,0,0,0,0,0,3,0
Joey Kocur,0,0,0,0,0,0,0,3,0
Sergei Brylin,0,0,0,0,0,0,0,3,0
Ken Daneyko,0,0,0,0,0,0,0,3,0
Mathieu Dandenault,0,0,0,0,0,0,0,3,0
Igor Larionov,0,0,0,0,0,0,0,3,1
Brendan Shanahan,0,0,0,0,0,0,0,3,8
Aaron Ward,0,0,0,0,0,0,0,3,0
John Madden,0,0,0,0,0,0,0,3,0
Brian Rafalski,0,0,0,0,0,0,0,3,2
Matt Cullen,0,0,0,0,0,0,0,3,0
Kris Letang,0,0,0,0,0,0,0,3,6
Niklas Hjalmarsson,0,0,0,0,0,0,0,3,0
Marian Hossa,0,0,0,0,0,0,0,3,5
Brent Seabrook,0,0,0,0,0,0,0,3,1
Patrick Sharp,0,0,0,0,0,0,0,3,1
Jack Adams,0,0,0,0,0,0,0,2,0
Harry Cameron,0,0,0,0,0,0,0,2,0
Corb Denneny,0,0,0,0,0,0,0,2,0
Harry Meeking,0,0,0,0,0,0,0,2,0
Ken Randall,0,0,0,0,0,0,0,2,0
Morley Bruce,0,0,0,0,0,0,0,2,0
Jack MacKell,0,0,0,0,0,0,0,2,0
Lionel Hitchman,0,0,0,0,0,0,0,2,0
Frank Finnigan,0,0,0,0,0,0,0,2,0
Hooley Smith,0,0,0,0,0,0,0,2,0
Clarence Abel,0,0,0,0,0,0,0,2,0
Frank Boucher,0,0,0,0,0,0,0,2,0
Bun Cook,0,0,0,0,0,0,0,2,0
Ivan Johnson,0,0,0,0,0,0,0,2,0
Murray Murdoch,0,0,0,0,0,0,0,2,0
Norman Gainor,0,0,0,0,0,0,0,2,0
Marty Burke,0,0,0,0,0,0,0,2,0
Wildor Larochelle,0,0,0,0,0,0,0,2,0
Albert Leduc,0,0,0,0,0,0,0,2,0
Alfred Lepine,0,0,0,0,0,0,0,2,0
Georges Mantha,0,0,0,0,0,0,0,2,0
Armand Mondou,0,0,0,0,0,0,0,2,0
Gus Rivers,0,0,0,0,0,0,0,2,0
Nick Wasnie,0,0,0,0,0,0,0,2,0
Bob Gracie,0,0,0,0,0,0,0,2,0
Alex Levinsky,0,0,0,0,0,0,0,2,0
Ehrhardt Heller,0,0,0,0,0,0,0,2,0
Earl Seibert,0,0,0,0,0,0,0,2,0
Lionel Conacher,0,0,0,0,0,0,0,2,0
Art Coulter,0,0,0,0,0,0,0,2,0
Johnny Gottselig,0,0,0,0,0,0,0,2,0
Roger Jenkins,0,0,0,0,0,0,0,2,0
Mush March,0,0,0,0,0,0,0,2,0
Doc Romnes,0,0,0,0,0,0,0,2,0
Louis Trudel,0,0,0,0,0,0,0,2,0
Larry Aurie,0,0,0,0,0,0,0,2,0
Marty Barry,0,0,0,0,0,0,0,2,0
Ralph Bowman,0,0,0,0,0,0,0,2,0
Pete Kelly,0,0,0,0,0,0,0,2,0
Wally Kilrea,0,0,0,0,0,0,0,2,0
Herbie Lewis,0,0,0,0,0,0,0,2,0
John Sorrell,0,0,0,0,0,0,0,2,0
Doug Young,0,0,0,0,0,0,0,2,0
Harold Jackson,0,0,0,0,0,0,0,2,0
Bobby Bauer,0,0,0,0,0,0,0,2,1
Jack Crawford,0,0,0,0,0,0,0,2,0
Woody Dumart,0,0,0,0,0,0,0,2,2
Ray Getliffe,0,0,0,0,0,0,0,2,0
Flash Hollett,0,0,0,0,0,0,0,2,0
Wilbert Hiller,0,0,0,0,0,0,0,2,0
Phil Watson,0,0,0,0,0,0,0,2,0
Art Jackson,0,0,0,0,0,0,0,2,0
Lorne Carr,0,0,0,0,0,0,0,2,0
Bob Davidson,0,0,0,0,0,0,0,2,0
Reg Hamilton,0,0,0,0,0,0,0,2,0
John McCreedy,0,0,0,0,0,0,0,2,0
Joe Carveth,0,0,0,0,0,0,0,2,1
Jack Stewart,0,0,0,0,0,0,0,2,4
Erwin Chamberlain,0,0,0,0,0,0,0,2,0
Robert Fillion,0,0,0,0,0,0,0,2,0
Glen Harmon,0,0,0,0,0,0,0,2,2
Leo Lamoureux,0,0,0,0,0,0,0,2,0
Billy Reay,0,0,0,0,0,0,0,2,1
Cal Gardner,0,0,0,0,0,0,0,2,2
Bill Juzda,0,0,0,0,0,0,0,2,2
Fleming MacKell,0,0,0,0,0,0,0,2,4
Ray Timgren,0,0,0,0,0,0,0,2,1
Leo Reise Jr.,0,0,0,0,0,0,0,2,0
John McCormack,0,0,0,0,0,0,0,2,1
Tod Sloan,0,0,0,0,0,0,0,2,3
Metro Prystai,0,0,0,0,0,0,0,2,3
Bill Dineen,0,0,0,0,0,0,0,2,2
Earl Reibel,0,0,0,0,0,0,0,2,2
Jack LeClair,0,0,0,0,0,0,0,2,0
Connell Broden,0,0,0,0,0,0,0,2,0
Bill Hicke,0,0,0,0,0,0,0,2,3
Ron Murphy,0,0,0,0,0,0,0,2,1
John MacMillan,0,0,0,0,0,0,0,2,2
Bob Nevin,0,0,0,0,0,0,0,2,4
Jim Pappin,0,0,0,0,0,0,0,2,5
Dave Balon,0,0,0,0,0,0,0,2,4
Leon Rochefort,0,0,0,0,0,0,0,2,1
Mike Walton,0,0,0,0,0,0,0,2,1
Mickey Redmond,0,0,0,0,0,0,0,2,1
Carol Vadnais,0,0,0,0,0,0,0,2,6
Garnet Bailey,0,0,0,0,0,0,0,2,0
Johnny Bucyk,0,0,0,0,0,0,0,2,7
Wayne Cashman,0,0,0,0,0,0,0,2,1
Ted Green,0,0,0,0,0,0,0,2,2
Ken Hodge,0,0,0,0,0,0,0,2,3
Don Marcotte,0,0,0,0,0,0,0,2,0
John McKenzie,0,0,0,0,0,0,0,2,2
Dallas Smith,0,0,0,0,0,0,0,2,4
Fred Stanfield,0,0,0,0,0,0,0,2,0
Ed Westfall,0,0,0,0,0,0,0,2,4
Chuck Lefley,0,0,0,0,0,0,0,2,0
Bob Murdoch,0,0,0,0,0,0,0,2,1
Marc Tardif,0,0,0,0,0,0,0,2,1
Bill Barber,0,0,0,0,0,0,0,2,6
Tom Bladon,0,0,0,0,0,0,0,2,2
Bill Clement,0,0,0,0,0,0,0,2,2
Terry Crisp,0,0,0,0,0,0,0,2,0
Gary Dornhoefer,0,0,0,0,0,0,0,2,2
Andre Dupont,0,0,0,0,0,0,0,2,1
Bob Kelly,0,0,0,0,0,0,0,2,0
Orest Kindrachuk,0,0,0,0,0,0,0,2,0
Ross Lonsberry,0,0,0,0,0,0,0,2,1
Rick MacLeish,0,0,0,0,0,0,0,2,3
Don Saleski,0,0,0,0,0,0,0,2,0
Dave Schultz,0,0,0,0,0,0,0,2,0
Ed Van Impe,0,0,0,0,0,0,0,2,3
Jimmy Watson,0,0,0,0,0,0,0,2,0
Joe Watson,0,0,0,0,0,0,0,2,2
Brian Engblom,0,0,0,0,0,0,0,2,0
Pierre Larouche,0,0,0,0,0,0,0,2,2
Gilles Lupien,0,0,0,0,0,0,0,2,0
Mark Napier,0,0,0,0,0,0,0,2,0
Garry Howatt,0,0,0,0,0,0,0,2,0
Bob Lorimer,0,0,0,0,0,0,0,2,0
Jean Potvin,0,0,0,0,0,0,0,2,0
Hector Marini,0,0,0,0,0,0,0,2,1
Tomas Jonsson,0,0,0,0,0,0,0,2,0
Brent Sutter,0,0,0,0,0,0,0,2,1
"Lee Fogolin, Jr.",0,0,0,0,0,0,0,2,1
Don Jackson,0,0,0,0,0,0,0,2,0
Willy Lindstrom,0,0,0,0,0,0,0,2,0
Dave Lumley,0,0,0,0,0,0,0,2,0
Dave Semenko,0,0,0,0,0,0,0,2,0
Craig Ludwig,0,0,0,0,0,0,0,2,0
Stephane Richer,0,0,0,0,0,0,0,2,1
Brian Skrudland,0,0,0,0,0,0,0,2,0
Kelly Buchberger,0,0,0,0,0,0,0,2,0
Marty McSorley,0,0,0,0,0,0,0,2,0
Reijo Ruotsalainen,0,0,0,0,0,0,0,2,1
Dave Hannan,0,0,0,0,0,0,0,2,0
Craig Simpson,0,0,0,0,0,0,0,2,0
Jamie Macoun,0,0,0,0,0,0,0,2,0
Rob Ramage,0,0,0,0,0,0,0,2,4
Adam Graves,0,0,0,0,0,0,0,2,1
Phil Bourque,0,0,0,0,0,0,0,2,0
Jay Caufield,0,0,0,0,0,0,0,2,0
Bob Errey,0,0,0,0,0,0,0,2,0
Ron Francis,0,0,0,0,0,0,0,2,4
Grant Jennings,0,0,0,0,0,0,0,2,0
Troy Loney,0,0,0,0,0,0,0,2,0
Jim Paek,0,0,0,0,0,0,0,2,0
Gordie Roberts,0,0,0,0,0,0,0,2,0
Ulf Samuelsson,0,0,0,0,0,0,0,2,0
Paul Stanton,0,0,0,0,0,0,0,2,0
Kevin Stevens,0,0,0,0,0,0,0,2,3
Peter Taglianetti,0,0,0,0,0,0,0,2,0
Scott Young,0,0,0,0,0,0,0,2,0
Sergei Nemchinov,0,0,0,0,0,0,0,2,0
Sergei Zubov,0,0,0,0,0,0,0,2,3
Tommy Albelin,0,0,0,0,0,0,0,2,0
Shawn Chambers,0,0,0,0,0,0,0,2,0
Bill Guerin,0,0,0,0,0,0,0,2,4
Bobby Holik,0,0,0,0,0,0,0,2,2
Randy McKay,0,0,0,0,0,0,0,2,0
Adam Foote,0,0,0,0,0,0,0,2,0
Jon Klemm,0,0,0,0,0,0,0,2,0
Stephane Yelle,0,0,0,0,0,0,0,2,0
Doug Brown,0,0,0,0,0,0,0,2,0
Vyacheslav Fetisov,0,0,0,0,0,0,0,2,2
Vladimir Konstantinov,0,0,0,0,0,0,0,2,0
Vyacheslav Kozlov,0,0,0,0,0,0,0,2,0
Martin Lapointe,0,0,0,0,0,0,0,2,0
Bob Rouse,0,0,0,0,0,0,0,2,0
Tim Taylor,0,0,0,0,0,0,0,2,0
Jamie Langenbrunner,0,0,0,0,0,0,0,2,0
Grant Marshall,0,0,0,0,0,0,0,2,0
Dave Reid,0,0,0,0,0,0,0,2,0
Darryl Sydor,0,0,0,0,0,0,0,2,2
Patrik Elias,0,0,0,0,0,0,0,2,0
Jay Pandolfo,0,0,0,0,0,0,0,2,0
Petr Sykora,0,0,0,0,0,0,0,2,0
Colin White,0,0,0,0,0,0,0,2,0
Chris Dingman,0,0,0,0,0,0,0,2,0
Nolan Pratt,0,0,0,0,0,0,0,2,0
Pavel Datsyuk,0,0,0,0,0,0,0,2,3
Oleg Tverdovsky,0,0,0,0,0,0,0,2,1
Ruslan Fedotenko,0,0,0,0,0,0,0,2,0
Cory Stillman,0,0,0,0,0,0,0,2,0
Craig Adams,0,0,0,0,0,0,0,2,0
Andrew Ladd,0,0,0,0,0,0,0,2,0
Dustin Penner,0,0,0,0,0,0,0,2,0
Shawn Thornton,0,0,0,0,0,0,0,2,0
Tomas Kopecky,0,0,0,0,0,0,0,2,0
Pascal Dupuis,0,0,0,0,0,0,0,2,0
Brooks Orpik,0,0,0,0,0,0,0,2,0
Rob Scuderi,0,0,0,0,0,0,0,2,0
Dave Bolland,0,0,0,0,0,0,0,2,0
Colin Fraser,0,0,0,0,0,0,0,2,0
Kris Versteeg,0,0,0,0,0,0,0,2,0
Dustin Brown,0,0,0,0,0,0,0,2,1
Jeff Carter,0,0,0,0,0,0,0,2,2
Kyle Clifford,0,0,0,0,0,0,0,2,0
Matt Greene,0,0,0,0,0,0,0,2,0
Dwight King,0,0,0,0,0,0,0,2,0
Anze Kopitar,0,0,0,0,0,0,0,2,5
Trevor Lewis,0,0,0,0,0,0,0,2,0
Alec Martinez,0,0,0,0,0,0,0,2,0
Willie Mitchell,0,0,0,0,0,0,0,2,0
Jordan Nolan,0,0,0,0,0,0,0,2,0
Mike Richards,0,0,0,0,0,0,0,2,1
Jarret Stoll,0,0,0,0,0,0,0,2,0
Vyacheslav Voynov,0,0,0,0,0,0,0,2,0
Bryan Bickell,0,0,0,0,0,0,0,2,0
Daniel Carcillo,0,0,0,0,0,0,0,2,0
Marcus Kruger,0,0,0,0,0,0,0,2,0
Johnny Oduya,0,0,0,0,0,0,0,2,0
Michal Rozsival,0,0,0,0,0,0,0,2,0
Brandon Saad,0,0,0,0,0,0,0,2,1
Andrew Shaw,0,0,0,0,0,0,0,2,0
Nick Bonino,0,0,0,0,0,0,0,2,0
Ian Cole,0,0,0,0,0,0,0,2,0
Trevor Daley,0,0,0,0,0,0,0,2,0
Brian Dumoulin,0,0,0,0,0,0,0,2,0
Carl Hagelin,0,0,0,0,0,0,0,2,0
Patric Hornqvist,0,0,0,0,0,0,0,2,0
Phil Kessel,0,0,0,0,0,0,0,2,3
Tom Kuhnhackl,0,0,0,0,0,0,0,2,0
Olli Maatta,0,0,0,0,0,0,0,2,0
Bryan Rust,0,0,0,0,0,0,0,2,0
Justin Schultz,0,0,0,0,0,0,0,2,0
Conor Sheary,0,0,0,0,0,0,0,2,0
Pat Maroon,0,0,0,0,0,0,0,2,0
Jack Coughlin,0,0,0,0,0,0,0,1,0
Rusty Crawford,0,0,0,0,0,0,0,1,0
Jack Marks,0,0,0,0,0,0,0,1,0
Harry Mummery,0,0,0,0,0,0,0,1,0
Alf Skinner,0,0,0,0,0,0,0,1,0
Horace Merrill,0,0,0,0,0,0,0,1,0
Leth Graham,0,0,0,0,0,0,0,1,0
Lloyd Andrews,0,0,0,0,0,0,0,1,0
Stan Jackson,0,0,0,0,0,0,0,1,0
Rod Smylie,0,0,0,0,0,0,0,1,0
Ted Stackhouse,0,0,0,0,0,0,0,1,0
Billy Stuart,0,0,0,0,0,0,0,1,0
Harry Helman,0,0,0,0,0,0,0,1,0
Billy Bell,0,0,0,0,0,0,0,1,0
Bobby Boucher,0,0,0,0,0,0,0,1,0
Billy Boucher,0,0,0,0,0,0,0,1,0
Billy Cameron,0,0,0,0,0,0,0,1,0
Billy Coutu,0,0,0,0,0,0,0,1,0
Frank Foyston,0,0,0,0,0,0,0,1,0
Gord Fraser,0,0,0,0,0,0,0,1,0
Frank Fredrickson,0,0,0,0,0,0,0,1,0
Harold Halderson,0,0,0,0,0,0,0,1,0
Gizzy Hart,0,0,0,0,0,0,0,1,0
Clem Loughlin,0,0,0,0,0,0,0,1,0
Jack Walker,0,0,0,0,0,0,0,1,0
Bernie Brophy,0,0,0,0,0,0,0,1,0
Frank Carson,0,0,0,0,0,0,0,1,0
Chuck Dinsmore,0,0,0,0,0,0,0,1,0
Albert Holway,0,0,0,0,0,0,0,1,0
George Horne,0,0,0,0,0,0,0,1,0
Chapman Kitchen,0,0,0,0,0,0,0,1,0
Dunc Munro,0,0,0,0,0,0,0,1,0
Merlyn Phillips,0,0,0,0,0,0,0,1,0
Samuel Rothschild,0,0,0,0,0,0,0,1,0
Edwin Gorman,0,0,0,0,0,0,0,1,0
Milt Halliday,0,0,0,0,0,0,0,1,0
Alex Smith,0,0,0,0,0,0,0,1,0
Leo Bourgeault,0,0,0,0,0,0,0,1,0
Bill Boyd,0,0,0,0,0,0,0,1,0
Francis Callighen,0,0,0,0,0,0,0,1,0
Alex Gray,0,0,0,0,0,0,0,1,0
Lester Patrick,0,0,0,0,0,0,0,1,0
Bill Carson,0,0,0,0,0,0,0,1,0
Percy Galbraith,0,0,0,0,0,0,0,1,0
Red Green,0,0,0,0,0,0,0,1,0
Lloyd Klein,0,0,0,0,0,0,0,1,0
Myles Lane,0,0,0,0,0,0,0,1,0
Mickey MacKay,0,0,0,0,0,0,0,1,0
Harry Oliver,0,0,0,0,0,0,0,1,0
George Owen,0,0,0,0,0,0,0,1,0
Eddie Rodden,0,0,0,0,0,0,0,1,0
Gerry Carson,0,0,0,0,0,0,0,1,0
Bert McCaffrey,0,0,0,0,0,0,0,1,0
Johnny Gagnon,0,0,0,0,0,0,0,1,0
Art Lesieur,0,0,0,0,0,0,0,1,0
Jean Pusie,0,0,0,0,0,0,0,1,0
Andy Blair,0,0,0,0,0,0,0,1,0
Harold Cotton,0,0,0,0,0,0,0,1,0
Harold Darragh,0,0,0,0,0,0,0,1,0
Hap Day,0,0,0,0,0,0,0,1,0
Red Horner,0,0,0,0,0,0,0,1,0
Earl Miller,0,0,0,0,0,0,0,1,0
Joe Primeau,0,0,0,0,0,0,0,1,0
Fred Robertson,0,0,0,0,0,0,0,1,0
Ossie Asmundson,0,0,0,0,0,0,0,1,0
Doug Brennan,0,0,0,0,0,0,0,1,0
Cecil Dillon,0,0,0,0,0,0,0,1,0
Butch Keeling,0,0,0,0,0,0,0,1,0
Art Somers,0,0,0,0,0,0,0,1,0
Tom Cook,0,0,0,0,0,0,0,1,0
Rosie Couture,0,0,0,0,0,0,0,1,0
Leroy Goldsworthy,0,0,0,0,0,0,0,1,0
Bill Kendall,0,0,0,0,0,0,0,1,0
Jack Leswick,0,0,0,0,0,0,0,1,0
Don McFadyen,0,0,0,0,0,0,0,1,0
John Sheppard,0,0,0,0,0,0,0,1,0
Stewart Evans,0,0,0,0,0,0,0,1,0
Gus Marker,0,0,0,0,0,0,0,1,0
Sammy McManus,0,0,0,0,0,0,0,1,0
Bill Miller,0,0,0,0,0,0,0,1,0
Baldy Northcott,0,0,0,0,0,0,0,1,0
Earl Robinson,0,0,0,0,0,0,0,1,0
Allan Shields,0,0,0,0,0,0,0,1,0
Dave Trottier,0,0,0,0,0,0,0,1,0
Jimmy Ward,0,0,0,0,0,0,0,1,0
Cy Wentworth,0,0,0,0,0,0,0,1,0
John Gallagher,0,0,0,0,0,0,0,1,0
Howie Mackie,0,0,0,0,0,0,0,1,0
Rolly Roulston,0,0,0,0,0,0,0,1,0
John Sherf,0,0,0,0,0,0,0,1,0
Bert Connelly,0,0,0,0,0,0,0,1,0
Virgil Johnson,0,0,0,0,0,0,0,1,0
Bill MacKenzie,0,0,0,0,0,0,0,1,0
Pete Palangio,0,0,0,0,0,0,0,1,0
Jack Shill,0,0,0,0,0,0,0,1,0
Art Wiebe,0,0,0,0,0,0,0,1,0
Harry Frost,0,0,0,0,0,0,0,1,0
Red Hamill,0,0,0,0,0,0,0,1,0
Jack Portland,0,0,0,0,0,0,0,1,0
Charlie Sands,0,0,0,0,0,0,0,1,0
Mac Colville,0,0,0,0,0,0,0,1,0
Neil Colville,0,0,0,0,0,0,0,1,1
"Bryan Hextall, Sr.",0,0,0,0,0,0,0,1,0
Lynn Patrick,0,0,0,0,0,0,0,1,0
Murray Patrick,0,0,0,0,0,0,0,1,0
Alf Pike,0,0,0,0,0,0,0,1,0
Alex Shibicky,0,0,0,0,0,0,0,1,0
Clint Smith,0,0,0,0,0,0,0,1,0
Stan Smith,0,0,0,0,0,0,0,1,0
Pat McReavy,0,0,0,0,0,0,0,1,0
Terry Reardon,0,0,0,0,0,0,0,1,0
Jack Shewchuk,0,0,0,0,0,0,0,1,0
Des Smith,0,0,0,0,0,0,0,1,0
Eddie Wiseman,0,0,0,0,0,0,0,1,0
Ernie Dickens,0,0,0,0,0,0,0,1,0
Hank Goldup,0,0,0,0,0,0,0,1,0
Rudolph Kampman,0,0,0,0,0,0,0,1,0
Pete Langelle,0,0,0,0,0,0,0,1,0
Billy Taylor,0,0,0,0,0,0,0,1,0
Adam Brown,0,0,0,0,0,0,0,1,0
Connie Brown,0,0,0,0,0,0,0,1,0
Les Douglas,0,0,0,0,0,0,0,1,0
Joe Fisher,0,0,0,0,0,0,0,1,0
Don Grosso,0,0,0,0,0,0,0,1,0
Carl Liscombe,0,0,0,0,0,0,0,1,0
Alex Motter,0,0,0,0,0,0,0,1,0
Jimmy Orlando,0,0,0,0,0,0,0,1,0
Cully Simon,0,0,0,0,0,0,0,1,0
Eddie Wares,0,0,0,0,0,0,0,1,0
Gerry Heffernan,0,0,0,0,0,0,0,1,0
Fernand Majeau,0,0,0,0,0,0,0,1,0
Mike McMahon,0,0,0,0,0,0,0,1,0
Pete Backor,0,0,0,0,0,0,0,1,0
Ross Johnstone,0,0,0,0,0,0,0,1,0
Jack McLean,0,0,0,0,0,0,0,1,0
Elwyn Morris,0,0,0,0,0,0,0,1,0
Tom O'Neill,0,0,0,0,0,0,0,1,0
Joe Benoit,0,0,0,0,0,0,0,1,0
Frank Eddolls,0,0,0,0,0,0,0,1,1
Gerry Plamondon,0,0,0,0,0,0,0,1,0
Ken Reardon,0,0,0,0,0,0,0,1,3
Bud Poile,0,0,0,0,0,0,0,1,2
Les Costello,0,0,0,0,0,0,0,1,1
Phil Samis,0,0,0,0,0,0,0,1,0
Bob Dawes,0,0,0,0,0,0,0,1,1
Harry Taylor,0,0,0,0,0,0,0,1,0
Pete Babando,0,0,0,0,0,0,0,1,0
Steve Black,0,0,0,0,0,0,0,1,1
Gerry Couture,0,0,0,0,0,0,0,1,1
Al Dewsbury,0,0,0,0,0,0,0,1,1
Lee Fogolin,0,0,0,0,0,0,0,1,2
George Gee,0,0,0,0,0,0,0,1,1
Clare Martin,0,0,0,0,0,0,0,1,0
Doug McKay,0,0,0,0,0,0,0,1,0
Max McNab,0,0,0,0,0,0,0,1,0
Larry Wilson,0,0,0,0,0,0,0,1,0
Hugh Bolton,0,0,0,0,0,0,0,1,1
Fernie Flaman,0,0,0,0,0,0,0,1,6
Bob Hassard,0,0,0,0,0,0,0,1,0
Danny Lewicki,0,0,0,0,0,0,0,1,1
Fred Glover,0,0,0,0,0,0,0,1,0
Enio Sclisizzi,0,0,0,0,0,0,0,1,0
Larry Zeidel,0,0,0,0,0,0,0,1,0
Lorne Davis,0,0,0,0,0,0,0,1,1
Dick Gamble,0,0,0,0,0,0,0,1,1
Calum MacKay,0,0,0,0,0,0,0,1,1
Bud MacPherson,0,0,0,0,0,0,0,1,1
Paul Masnick,0,0,0,0,0,0,0,1,0
Eddie Mazur,0,0,0,0,0,0,0,1,1
Paul Meger,0,0,0,0,0,0,0,1,3
Keith Allen,0,0,0,0,0,0,0,1,1
Gilles Dube,0,0,0,0,0,0,0,1,0
Earl Johnson,0,0,0,0,0,0,0,1,0
Jim Hay,0,0,0,0,0,0,0,1,0
Ian Cushenan,0,0,0,0,0,0,0,1,1
Earl Balfour,0,0,0,0,0,0,0,1,0
Murray Balfour,0,0,0,0,0,0,0,1,0
Jack Evans,0,0,0,0,0,0,0,1,2
Reggie Fleming,0,0,0,0,0,0,0,1,1
Wayne Hicks,0,0,0,0,0,0,0,1,0
Wayne Hillman,0,0,0,0,0,0,0,1,0
Chico Maki,0,0,0,0,0,0,0,1,3
Eric Nesterenko,0,0,0,0,0,0,0,1,2
Elmer Vasko,0,0,0,0,0,0,0,1,4
Kenny Wharram,0,0,0,0,0,0,0,1,2
Gerry Ehman,0,0,0,0,0,0,0,1,1
Don McKenney,0,0,0,0,0,0,0,1,7
Red Berenson,0,0,0,0,0,0,0,1,6
Jean Gauthier,0,0,0,0,0,0,0,1,0
Garry Peters,0,0,0,0,0,0,0,1,0
Noel Picard,0,0,0,0,0,0,0,1,1
Bryan Watson,0,0,0,0,0,0,0,1,0
Noel Price,0,0,0,0,0,0,0,1,1
John Brenneman,0,0,0,0,0,0,0,1,0
Brian Conacher,0,0,0,0,0,0,0,1,1
Ron Ellis,0,0,0,0,0,0,0,1,4
Aut Erickson,0,0,0,0,0,0,0,1,0
Larry Jeffrey,0,0,0,0,0,0,0,1,0
Milan Marcetta,0,0,0,0,0,0,0,1,0
Pete Stemkowski,0,0,0,0,0,0,0,1,1
Christian Bordeleau,0,0,0,0,0,0,0,1,0
Ivan Boldirev,0,0,0,0,0,0,0,1,1
Wayne Carleton,0,0,0,0,0,0,0,1,1
Gary Doak,0,0,0,0,0,0,0,1,0
Bill Lesuk,0,0,0,0,0,0,0,1,0
Jim Lorentz,0,0,0,0,0,0,0,1,0
Danny Schock,0,0,0,0,0,0,0,1,0
Rick Smith,0,0,0,0,0,0,0,1,0
Bill Speer,0,0,0,0,0,0,0,1,0
Phil Roberto,0,0,0,0,0,0,0,1,0
Bobby Sheehan,0,0,0,0,0,0,0,1,0
Barry Ashbee,0,0,0,0,0,0,0,1,0
Bruce Cowick,0,0,0,0,0,0,0,1,0
Bill Flett,0,0,0,0,0,0,0,1,1
Simon Nolet,0,0,0,0,0,0,0,1,2
Larry Goodenough,0,0,0,0,0,0,0,1,0
Reggie Leach,0,0,0,0,0,0,0,1,2
John Van Boxmeer,0,0,0,0,0,0,0,1,0
Mike Polich,0,0,0,0,0,0,0,1,0
Cam Connor,0,0,0,0,0,0,0,1,0
Lorne Henning,0,0,0,0,0,0,0,1,0
Alex McKendry,0,0,0,0,0,0,0,1,0
Steve Tambellini,0,0,0,0,0,0,0,1,0
Paul Boutilier,0,0,0,0,0,0,0,1,0
Mats Hallin,0,0,0,0,0,0,0,1,0
Pat Conacher,0,0,0,0,0,0,0,1,0
Ken Linseman,0,0,0,0,0,0,0,1,0
Larry Melnyk,0,0,0,0,0,0,0,1,0
Serge Boisvert,0,0,0,0,0,0,0,1,0
Kjell Dahlin,0,0,0,0,0,0,0,1,0
Lucien DeBlois,0,0,0,0,0,0,0,1,0
Gaston Gingras,0,0,0,0,0,0,0,1,0
Rick Green,0,0,0,0,0,0,0,1,0
John Kordic,0,0,0,0,0,0,0,1,0
Tom Kurvers,0,0,0,0,0,0,0,1,0
Mike Lalor,0,0,0,0,0,0,0,1,0
David Maley,0,0,0,0,0,0,0,1,0
Mike McPhee,0,0,0,0,0,0,0,1,1
Mats Naslund,0,0,0,0,0,0,0,1,3
Chris Nilan,0,0,0,0,0,0,0,1,0
Steve Rooney,0,0,0,0,0,0,0,1,0
Petr Svoboda,0,0,0,0,0,0,0,1,1
Ryan Walter,0,0,0,0,0,0,0,1,1
Maurice Lemay,0,0,0,0,0,0,0,1,0
Kent Nilsson,0,0,0,0,0,0,0,1,2
Keith Acton,0,0,0,0,0,0,0,1,1
Geoff Courtnall,0,0,0,0,0,0,0,1,0
Normand Lacombe,0,0,0,0,0,0,0,1,0
Theo Fleury,0,0,0,0,0,0,0,1,7
Doug Gilmour,0,0,0,0,0,0,0,1,2
Mark Hunter,0,0,0,0,0,0,0,1,1
Tim Hunter,0,0,0,0,0,0,0,1,0
Hakan Loob,0,0,0,0,0,0,0,1,0
Brian MacLellan,0,0,0,0,0,0,0,1,0
Brad McCrimmon,0,0,0,0,0,0,0,1,1
Lanny McDonald,0,0,0,0,0,0,0,1,4
Dana Murzyn,0,0,0,0,0,0,0,1,0
Ric Nattress,0,0,0,0,0,0,0,1,0
Joel Otto,0,0,0,0,0,0,0,1,0
Colin Patterson,0,0,0,0,0,0,0,1,0
Jim Peplinski,0,0,0,0,0,0,0,1,0
Gary Roberts,0,0,0,0,0,0,0,1,3
Dave Brown,0,0,0,0,0,0,0,1,0
Martin Gelinas,0,0,0,0,0,0,0,1,0
Petr Klima,0,0,0,0,0,0,0,1,0
Mark Lamb,0,0,0,0,0,0,0,1,0
Joe Murphy,0,0,0,0,0,0,0,1,0
Geoff Smith,0,0,0,0,0,0,0,1,0
Randy Gilhen,0,0,0,0,0,0,0,1,0
Randy Hillier,0,0,0,0,0,0,0,1,0
Barry Pederson,0,0,0,0,0,0,0,1,2
Jock Callander,0,0,0,0,0,0,0,1,0
Jeff Chychrun,0,0,0,0,0,0,0,1,0
Jeff Daniels,0,0,0,0,0,0,0,1,0
Jamie Leach,0,0,0,0,0,0,0,1,0
Shawn McEachern,0,0,0,0,0,0,0,1,0
Dave Michayluk,0,0,0,0,0,0,0,1,0
Mike Needham,0,0,0,0,0,0,0,1,0
Ken Priestlay,0,0,0,0,0,0,0,1,0
Kjell Samuelsson,0,0,0,0,0,0,0,1,1
Rick Tocchet,0,0,0,0,0,0,0,1,4
Jesse Belanger,0,0,0,0,0,0,0,1,0
Brian Bellows,0,0,0,0,0,0,0,1,3
Patrice Brisebois,0,0,0,0,0,0,0,1,0
Benoit Brunet,0,0,0,0,0,0,0,1,0
Jean-Jacques Daigneault,0,0,0,0,0,0,0,1,0
Vincent Damphousse,0,0,0,0,0,0,0,1,3
Eric Desjardins,0,0,0,0,0,0,0,1,3
Paul DiPietro,0,0,0,0,0,0,0,1,0
Gilbert Dionne,0,0,0,0,0,0,0,1,0
Donald Dufresne,0,0,0,0,0,0,0,1,0
Todd Ewen,0,0,0,0,0,0,0,1,0
Kevin Haller,0,0,0,0,0,0,0,1,0
Sean Hill,0,0,0,0,0,0,0,1,0
Stephan Lebeau,0,0,0,0,0,0,0,1,0
John LeClair,0,0,0,0,0,0,0,1,5
Gary Leeman,0,0,0,0,0,0,0,1,1
Kirk Muller,0,0,0,0,0,0,0,1,6
Lyle Odelein,0,0,0,0,0,0,0,1,0
Mario Roberge,0,0,0,0,0,0,0,1,0
Ed Ronan,0,0,0,0,0,0,0,1,0
Denis Savard,0,0,0,0,0,0,0,1,7
Mathieu Schneider,0,0,0,0,0,0,0,1,2
Mike Hartman,0,0,0,0,0,0,0,1,0
Mike Hudson,0,0,0,0,0,0,0,1,0
Alexander Karpovtsev,0,0,0,0,0,0,0,1,0
Alexei Kovalev,0,0,0,0,0,0,0,1,3
Nick Kypreos,0,0,0,0,0,0,0,1,0
Doug Lidster,0,0,0,0,0,0,0,1,0
Stephane Matteau,0,0,0,0,0,0,0,1,0
Brian Noonan,0,0,0,0,0,0,0,1,0
Ed Olczyk,0,0,0,0,0,0,0,1,0
Jay Wells,0,0,0,0,0,0,0,1,0
Neal Broten,0,0,0,0,0,0,0,1,2
Bobby Carpenter,0,0,0,0,0,0,0,1,1
Tom Chorske,0,0,0,0,0,0,0,1,0
Danton Cole,0,0,0,0,0,0,0,1,0
Kevin Dean,0,0,0,0,0,0,0,1,0
Jim Dowd,0,0,0,0,0,0,0,1,0
Bruce Driver,0,0,0,0,0,0,0,1,0
John MacLean,0,0,0,0,0,0,0,1,2
Chris McAlpine,0,0,0,0,0,0,0,1,0
Mike Peluso,0,0,0,0,0,0,0,1,0
Brian Rolston,0,0,0,0,0,0,0,1,1
Valeri Zelepukin,0,0,0,0,0,0,0,1,0
Rene Corbet,0,0,0,0,0,0,0,1,0
Adam Deadmarsh,0,0,0,0,0,0,0,1,0
Alexei Gusarov,0,0,0,0,0,0,0,1,0
Valeri Kamensky,0,0,0,0,0,0,0,1,1
Uwe Krupp,0,0,0,0,0,0,0,1,1
Sylvain Lefebvre,0,0,0,0,0,0,0,1,0
Curtis Leschyshyn,0,0,0,0,0,0,0,1,0
Troy Murray,0,0,0,0,0,0,0,1,0
Sandis Ozolins,0,0,0,0,0,0,0,1,7
Mike Ricci,0,0,0,0,0,0,0,1,0
Warren Rychel,0,0,0,0,0,0,0,1,0
Chris Simon,0,0,0,0,0,0,0,1,0
Craig Wolanin,0,0,0,0,0,0,0,1,0
Jamie Pushor,0,0,0,0,0,0,0,1,0
Tomas Sandstrom,0,0,0,0,0,0,0,1,2
Anders Eriksson,0,0,0,0,0,0,0,1,0
Brent Gilchrist,0,0,0,0,0,0,0,1,0
Mike Knuble,0,0,0,0,0,0,0,1,0
Dmitri Mironov,0,0,0,0,0,0,0,1,1
Derian Hatcher,0,0,0,0,0,0,0,1,1
Benoit Hogue,0,0,0,0,0,0,0,1,0
Tony Hrkac,0,0,0,0,0,0,0,1,0
Jere Lehtinen,0,0,0,0,0,0,0,1,1
Richard Matvichuk,0,0,0,0,0,0,0,1,0
Mike Modano,0,0,0,0,0,0,0,1,7
Derek Plante,0,0,0,0,0,0,0,1,0
Brent Severyn,0,0,0,0,0,0,0,1,0
Jon Sim,0,0,0,0,0,0,0,1,0
Blake Sloan,0,0,0,0,0,0,0,1,0
Pat Verbeek,0,0,0,0,0,0,0,1,2
Jason Arnott,0,0,0,0,0,0,0,1,2
Brad Bombardir,0,0,0,0,0,0,0,1,0
Steve Brule,0,0,0,0,0,0,0,1,0
Steve Kelly,0,0,0,0,0,0,0,1,0
Vladimir Malakhov,0,0,0,0,0,0,0,1,0
Alexander Mogilny,0,0,0,0,0,0,0,1,4
Krzysztof Oliwa,0,0,0,0,0,0,0,1,0
Ken Sutton,0,0,0,0,0,0,0,1,0
Greg De Vries,0,0,0,0,0,0,0,1,0
Dan Hinote,0,0,0,0,0,0,0,1,0
Eric Messier,0,0,0,0,0,0,0,1,0
Bryan Muir,0,0,0,0,0,0,0,1,0
Ville Nieminen,0,0,0,0,0,0,0,1,0
Scott Parker,0,0,0,0,0,0,0,1,0
Shjon Podein,0,0,0,0,0,0,0,1,0
Steven Reinprecht,0,0,0,0,0,0,0,1,0
Martin Skoula,0,0,0,0,0,0,0,1,0
Alex Tanguay,0,0,0,0,0,0,0,1,1
Boyd Devereaux,0,0,0,0,0,0,0,1,0
Steve Duchesne,0,0,0,0,0,0,0,1,3
Jiri Fischer,0,0,0,0,0,0,0,1,0
Fredrik Olausson,0,0,0,0,0,0,0,1,0
Jiri Slegr,0,0,0,0,0,0,0,1,0
Jason Williams,0,0,0,0,0,0,0,1,0
Jiri Bicek,0,0,0,0,0,0,0,1,0
Jeff Friesen,0,0,0,0,0,0,0,1,0
Brian Gionta,0,0,0,0,0,0,0,1,0
Jim McKenzie,0,0,0,0,0,0,0,1,0
Pascal Rheaume,0,0,0,0,0,0,0,1,0
Mike Rupp,0,0,0,0,0,0,0,1,0
Richard Smehlik,0,0,0,0,0,0,0,1,0
Turner Stevenson,0,0,0,0,0,0,0,1,0
Dmitri Afanasenkov,0,0,0,0,0,0,0,1,0
Dave Andreychuk,0,0,0,0,0,0,0,1,2
Dan Boyle,0,0,0,0,0,0,0,1,2
Martin Cibak,0,0,0,0,0,0,0,1,0
Ben Clymer,0,0,0,0,0,0,0,1,0
Jassen Cullimore,0,0,0,0,0,0,0,1,0
Pavel Kubina,0,0,0,0,0,0,0,1,1
Brad Lukowich,0,0,0,0,0,0,0,1,0
Fredrik Modin,0,0,0,0,0,0,0,1,1
Stanislav Neckar,0,0,0,0,0,0,0,1,0
Eric Perrin,0,0,0,0,0,0,0,1,0
Andre Roy,0,0,0,0,0,0,0,1,0
Darren Rumble,0,0,0,0,0,0,0,1,0
Cory Sarich,0,0,0,0,0,0,0,1,0
Kevyn Adams,0,0,0,0,0,0,0,1,0
Anton Babchuk,0,0,0,0,0,0,0,1,0
Rod Brind'Amour,0,0,0,0,0,0,0,1,1
Erik Cole,0,0,0,0,0,0,0,1,0
Mike Commodore,0,0,0,0,0,0,0,1,0
Bret Hedican,0,0,0,0,0,0,0,1,0
Andrew Hutchinson,0,0,0,0,0,0,0,1,0
Frantisek Kaberle,0,0,0,0,0,0,0,1,0
Chad LaRose,0,0,0,0,0,0,0,1,0
Eric Staal,0,0,0,0,0,0,0,1,6
Josef Vasicek,0,0,0,0,0,0,0,1,0
Niclas Wallin,0,0,0,0,0,0,0,1,0
Doug Weight,0,0,0,0,0,0,0,1,4
Glen Wesley,0,0,0,0,0,0,0,1,1
Ray Whitney,0,0,0,0,0,0,0,1,2
Francois Beauchemin,0,0,0,0,0,0,0,1,0
Ryan Carter,0,0,0,0,0,0,0,1,0
Joe DiPenta,0,0,0,0,0,0,0,1,0
Ryan Getzlaf,0,0,0,0,0,0,0,1,3
Kent Huskins,0,0,0,0,0,0,0,1,0
Ric Jackman,0,0,0,0,0,0,0,1,0
Todd Marchant,0,0,0,0,0,0,0,1,0
Brad May,0,0,0,0,0,0,0,1,0
Andy McDonald,0,0,0,0,0,0,0,1,1
Drew Miller,0,0,0,0,0,0,0,1,0
Travis Moen,0,0,0,0,0,0,0,1,0
Joe Motzko,0,0,0,0,0,0,0,1,0
Rob Niedermayer,0,0,0,0,0,0,0,1,0
Sean O'Donnell,0,0,0,0,0,0,0,1,0
Samuel Pahlsson,0,0,0,0,0,0,0,1,0
George Parros,0,0,0,0,0,0,0,1,0
Ryan Shannon,0,0,0,0,0,0,0,1,0
Daniel Cleary,0,0,0,0,0,0,0,1,0
Aaron Downey,0,0,0,0,0,0,0,1,0
Dallas Drake,0,0,0,0,0,0,0,1,0
Valtteri Filppula,0,0,0,0,0,0,0,1,0
Johan Franzen,0,0,0,0,0,0,0,1,0
Darren Helm,0,0,0,0,0,0,0,1,0
Jiri Hudler,0,0,0,0,0,0,0,1,0
Niklas Kronwall,0,0,0,0,0,0,0,1,0
Brett Lebda,0,0,0,0,0,0,0,1,0
Andreas Lilja,0,0,0,0,0,0,0,1,0
Derek Meech,0,0,0,0,0,0,0,1,0
Mikael Samuelsson,0,0,0,0,0,0,0,1,0
Brad Stuart,0,0,0,0,0,0,0,1,0
Philippe Boucher,0,0,0,0,0,0,0,1,1
Matt Cooke,0,0,0,0,0,0,0,1,0
Mark Eaton,0,0,0,0,0,0,0,1,0
Hal Gill,0,0,0,0,0,0,0,1,0
Eric Godard,0,0,0,0,0,0,0,1,0
Alex Goligoski,0,0,0,0,0,0,0,1,0
Sergei Gonchar,0,0,0,0,0,0,0,1,4
Tyler Kennedy,0,0,0,0,0,0,0,1,0
Miroslav Satan,0,0,0,0,0,0,0,1,2
Jordan Staal,0,0,0,0,0,0,0,1,0
Maxime Talbot,0,0,0,0,0,0,0,1,0
Mike Zigomanis,0,0,0,0,0,0,0,1,0
Nick Boynton,0,0,0,0,0,0,0,1,1
Troy Brouwer,0,0,0,0,0,0,0,1,0
Adam Burish,0,0,0,0,0,0,0,1,0
Dustin Byfuglien,0,0,0,0,0,0,0,1,3
Brian Campbell,0,0,0,0,0,0,0,1,4
Ben Eager,0,0,0,0,0,0,0,1,0
Jordan Hendry,0,0,0,0,0,0,0,1,0
Brent Sopel,0,0,0,0,0,0,0,1,0
Patrice Bergeron,0,0,0,0,0,0,0,1,2
Johnny Boychuk,0,0,0,0,0,0,0,1,0
Gregory Campbell,0,0,0,0,0,0,0,1,0
Andrew Ference,0,0,0,0,0,0,0,1,0
Nathan Horton,0,0,0,0,0,0,0,1,0
Tomas Kaberle,0,0,0,0,0,0,0,1,0
Chris Kelly,0,0,0,0,0,0,0,1,0
David Krejci,0,0,0,0,0,0,0,1,0
Milan Lucic,0,0,0,0,0,0,0,1,0
Brad Marchand,0,0,0,0,0,0,0,1,2
Adam McQuaid,0,0,0,0,0,0,0,1,0
Daniel Paille,0,0,0,0,0,0,0,1,0
Rich Peverley,0,0,0,0,0,0,0,1,0
Michael Ryder,0,0,0,0,0,0,0,1,0
Marc Savard,0,0,0,0,0,0,0,1,2
Tyler Seguin,0,0,0,0,0,0,0,1,6
Dennis Seidenberg,0,0,0,0,0,0,0,1,0
Davis Drewiske,0,0,0,0,0,0,0,1,0
Simon Gagne,0,0,0,0,0,0,0,1,2
Brad Richardson,0,0,0,0,0,0,0,1,0
Kevin Westgarth,0,0,0,0,0,0,0,1,0
Brandon Bollig,0,0,0,0,0,0,0,1,0
Sheldon Brookbank,0,0,0,0,0,0,0,1,0
Michael Frolik,0,0,0,0,0,0,0,1,0
Michal Handzus,0,0,0,0,0,0,0,1,0
Nick Leddy,0,0,0,0,0,0,0,1,0
Jamal Mayers,0,0,0,0,0,0,0,1,0
Ben Smith,0,0,0,0,0,0,0,1,0
Viktor Stalberg,0,0,0,0,0,0,0,1,0
Marian Gaborik,0,0,0,0,0,0,0,1,3
Jake Muzzin,0,0,0,0,0,0,0,1,0
Tanner Pearson,0,0,0,0,0,0,0,1,0
Robyn Regehr,0,0,0,0,0,0,0,1,0
Jeff Schultz,0,0,0,0,0,0,0,1,0
Tyler Toffoli,0,0,0,0,0,0,0,1,0
Kyle Cumiskey,0,0,0,0,0,0,0,1,0
Andrew Desjardins,0,0,0,0,0,0,0,1,0
Joakim Nordstrom,0,0,0,0,0,0,0,1,0
David Rundblad,0,0,0,0,0,0,0,1,0
Teuvo Teravainen,0,0,0,0,0,0,0,1,0
Kimmo Timonen,0,0,0,0,0,0,0,1,4
Trevor van Riemsdyk,0,0,0,0,0,0,0,1,0
Antoine Vermette,0,0,0,0,0,0,0,1,0
Eric Fehr,0,0,0,0,0,0,0,1,0
Ben Lovejoy,0,0,0,0,0,0,0,1,0
Kevin Porter,0,0,0,0,0,0,0,1,0
Josh Archibald,0,0,0,0,0,0,0,1,0
Jake Guentzel,0,0,0,0,0,0,0,1,0
Ron Hainsey,0,0,0,0,0,0,0,1,0
Carter Rowney,0,0,0,0,0,0,0,1,0
Mark Streit,0,0,0,0,0,0,0,1,1
Scott Wilson,0,0,0,0,0,0,0,1,0
Nicklas Backstrom,0,0,0,0,0,0,0,1,1
Jay Beagle,0,0,0,0,0,0,0,1,0
Madison Bowey,0,0,0,0,0,0,0,1,0
Andre Burakovsky,0,0,0,0,0,0,0,1,0
John Carlson,0,0,0,0,0,0,0,1,2
Alex Chiasson,0,0,0,0,0,0,0,1,0
Brett Connolly,0,0,0,0,0,0,0,1,0
Christian Djoos,0,0,0,0,0,0,0,1,0
Lars Eller,0,0,0,0,0,0,0,1,0
Michal Kempny,0,0,0,0,0,0,0,1,0
Yevgeni Kuznetsov,0,0,0,0,0,0,0,1,1
Matt Niskanen,0,0,0,0,0,0,0,1,0
Dmitri Orlov,0,0,0,0,0,0,0,1,0
T.J. Oshie,0,0,0,0,0,0,0,1,1
Devante Smith-Pelly,0,0,0,0,0,0,0,1,0
Chandler Stephenson,0,0,0,0,0,0,0,1,0
Jakub Vrana,0,0,0,0,0,0,0,1,0
Tom Wilson,0,0,0,0,0,0,0,1,0
Ivan Barbashyov,0,0,0,0,0,0,0,1,0
Samuel Blais,0,0,0,0,0,0,0,1,0
Robert Bortuzzo,0,0,0,0,0,0,0,1,0
Jay Bouwmeester,0,0,0,0,0,0,0,1,2
Tyler Bozak,0,0,0,0,0,0,0,1,0
Vince Dunn,0,0,0,0,0,0,0,1,0
Joel Edmundson,0,0,0,0,0,0,0,1,0
Robby Fabbri,0,0,0,0,0,0,0,1,0
Carl Gunnarsson,0,0,0,0,0,0,0,1,0
Colton Parayko,0,0,0,0,0,0,0,1,0
David Perron,0,0,0,0,0,0,0,1,1
Alex Pietrangelo,0,0,0,0,0,0,0,1,2
Zach Sanford,0,0,0,0,0,0,0,1,0
Brayden Schenn,0,0,0,0,0,0,0,1,1
Jaden Schwartz,0,0,0,0,0,0,0,1,0
Alexander Steen,0,0,0,0,0,0,0,1,0
Oskar Sundqvist,0,0,0,0,0,0,0,1,0
Vladimir Tarasenko,0,0,0,0,0,0,0,1,3
Robert Thomas,0,0,0,0,0,0,0,1,0
Zach Bogosian,0,0,0,0,0,0,0,1,0
Erik Cernak,0,0,0,0,0,0,0,1,0
Anthony Cirelli,0,0,0,0,0,0,0,1,0
Braydon Coburn,0,0,0,0,0,0,0,1,0
Blake Coleman,0,0,0,0,0,0,0,1,0
Barclay Goodrow,0,0,0,0,0,0,0,1,0
Yanni Gourde,0,0,0,0,0,0,0,1,0
Tyler Johnson,0,0,0,0,0,0,0,1,0
Mathieu Joseph,0,0,0,0,0,0,0,1,0
Alex Killorn,0,0,0,0,0,0,0,1,0
Ryan McDonagh,0,0,0,0,0,0,0,1,2
Ondrej Palat,0,0,0,0,0,0,0,1,0
Cedric Paquette,0,0,0,0,0,0,0,1,0
Brayden Point,0,0,0,0,0,0,0,1,1
Jan Rutta,0,0,0,0,0,0,0,1,0
Luke Schenn,0,0,0,0,0,0,0,1,0
Mikhail Sergachyov,0,0,0,0,0,0,0,1,0
Kevin Shattenkirk,0,0,0,0,0,0,0,1,1
Mitchell Stephens,0,0,0,0,0,0,0,1,0
Carter Verhaeghe,0,0,0,0,0,0,0,1,0
Alexander Volkov,0,0,0,0,0,0,0,1,0
Mats Sundin,0,0,0,0,0,0,0,0,8
John Tavares,0,0,0,0,0,0,0,0,6
Johnny Gaudreau,0,0,0,0,0,0,0,0,5
Adam Oates,0,0,0,0,0,0,0,0,5
Pierre Turgeon,0,0,0,0,0,0,0,0,4
Jeremy Roenick,0,0,0,0,0,0,0,0,9
Shea Weber,0,0,0,0,0,0,0,0,7
Cam Atkinson,0,0,0,0,0,0,0,0,2
Seth Jones,0,0,0,0,0,0,0,0,3
Claude Giroux,0,0,0,0,0,0,0,0,6
Tony Amonte,0,0,0,0,0,0,0,0,5
Henri Richard,0,0,0,0,0,0,0,0,10
Paul Kariya,0,0,0,0,0,0,0,0,7
Jack Eichel,0,0,0,0,0,0,0,0,3
Norm Ullman,0,0,0,0,0,0,0,0,11
Justin Faulk,0,0,0,0,0,0,0,0,3
Mike Gartner,0,0,0,0,0,0,0,0,7
Rick Martin,0,0,0,0,0,0,0,0,7
Daniel Briere,0,0,0,0,0,0,0,0,2
Joe Pavelski,0,0,0,0,0,0,0,0,3
Patrik Elia,0,0,0,0,0,0,0,0,4
Mikko Rantanen,0,0,0,0,0,0,0,0,1
James Neal,0,0,0,0,0,0,0,0,3
Jakub Voracek,0,0,0,0,0,0,0,0,1
Sheldon Souray,0,0,0,0,0,0,0,0,3
Matthew Tkachuk,0,0,0,0,0,0,0,0,1
Martin Havlat,0,0,0,0,0,0,0,0,2
Ed Jovanovski,0,0,0,0,0,0,0,0,5
Murray Oliver,0,0,0,0,0,0,0,0,5
Jari Kurri,0,0,0,0,0,0,0,0,8
Quinn Hughes,0,0,0,0,0,0,0,0,1
Tomas Hertl,0,0,0,0,0,0,0,0,1
Owen Nolan,0,0,0,0,0,0,0,0,5
Anthony Duclair,0,0,0,0,0,0,0,0,1
Pat Lafontaine,0,0,0,0,0,0,0,0,5
Keith Tkachuk,0,0,0,0,0,0,0,0,5
Mike Green,0,0,0,0,0,0,0,0,2
Don Maloney,0,0,0,0,0,0,0,0,2
Rick Vaive,0,0,0,0,0,0,0,0,3
Darryl Sittler,0,0,0,0,0,0,0,0,4
Cam Neely,0,0,0,0,0,0,0,0,5
Tyler Bertuzzi,0,0,0,0,0,0,0,0,1
Blake Wheeler,0,0,0,0,0,0,0,0,2
Dino Ciccarelli,0,0,0,0,0,0,0,0,4
Peter Bondra,0,0,0,0,0,0,0,0,5
Harry Watson,0,0,0,0,0,0,0,0,7
Brian Propp,0,0,0,0,0,0,0,0,5
Loui Eriksson,0,0,0,0,0,0,0,0,1
Ryan Johansen,0,0,0,0,0,0,0,0,1
Bo Horvat,0,0,0,0,0,0,0,0,1
Patrick Marleau,0,0,0,0,0,0,0,0,3
Alexei Yashin,0,0,0,0,0,0,0,0,3
Dean Prentice,0,0,0,0,0,0,0,0,4
John Ogrodnick,0,0,0,0,0,0,0,0,5
Olli Jokinen,0,0,0,0,0,0,0,0,1
Cam Fowler,0,0,0,0,0,0,0,0,1
Vincent Trocheck,0,0,0,0,0,0,0,0,1
Jason Spezza,0,0,0,0,0,0,0,0,2
Garry Unger,0,0,0,0,0,0,0,0,7
Brad Park,0,0,0,0,0,0,0,0,9
Kevin Hatcher,0,0,0,0,0,0,0,0,5
Phil Housley,0,0,0,0,0,0,0,0,7
Wayne Simmonds,0,0,0,0,0,0,0,0,1
Pavol Demitra,0,0,0,0,0,0,0,0,3
Eric Daze,0,0,0,0,0,0,0,0,1
Rickard Rakell,0,0,0,0,0,0,0,0,1
Sebastian Aho,0,0,0,0,0,0,0,0,1
Nico Hischier,0,0,0,0,0,0,0,0,1
Brock Boeser,0,0,0,0,0,0,0,0,1
Radek Bonk,0,0,0,0,0,0,0,0,2
Shane Doan,0,0,0,0,0,0,0,0,2
Mark Scheifele,0,0,0,0,0,0,0,0,2
Dion Phaneuf,0,0,0,0,0,0,0,0,3
Pit Martin,0,0,0,0,0,0,0,0,4
Max Pacioretty,0,0,0,0,0,0,0,0,1
Ryan Kesler,0,0,0,0,0,0,0,0,2
Lowell MacDonald,0,0,0,0,0,0,0,0,2
Terry O'Reilly,0,0,0,0,0,0,0,0,2
Matt Duchene,0,0,0,0,0,0,0,0,2
Tim Kerr,0,0,0,0,0,0,0,0,3
Ryan Suter,0,0,0,0,0,0,0,0,3
Terry Harper,0,0,0,0,0,0,0,0,4
Claude Larose,0,0,0,0,0,0,0,0,4
Michel Goulet,0,0,0,0,0,0,0,0,5
Bob Goldham,0,0,0,0,0,0,0,0,6
Claude Provost,0,0,0,0,0,0,0,0,11
David Backes,0,0,0,0,0,0,0,0,1
Mark Johnson,0,0,0,0,0,0,0,0,1
Saku Koivu,0,0,0,0,0,0,0,0,1
Viktor Kozlov,0,0,0,0,0,0,0,0,1
Travis Konecny,0,0,0,0,0,0,0,0,1
Dylan Larkin,0,0,0,0,0,0,0,0,1
Brian Sutter,0,0,0,0,0,0,0,0,3
Toma Kaberle,0,0,0,0,0,0,0,0,4
Kevin Lowe,0,0,0,0,0,0,0,0,7
Rod Gilbert,0,0,0,0,0,0,0,0,8
"Syl Apps, Jr.",0,0,0,0,0,0,0,0,1
Bob Kudelski,0,0,0,0,0,0,0,0,1
Joffrey Lupul,0,0,0,0,0,0,0,0,1
Yanic Perreault,0,0,0,0,0,0,0,0,1
Walt Poddubny,0,0,0,0,0,0,0,0,1
John Scott,0,0,0,0,0,0,0,0,1
Filip Forsberg,0,0,0,0,0,0,0,0,1
Dave Babych,0,0,0,0,0,0,0,0,2
John Ferguson,0,0,0,0,0,0,0,0,2
Wally Hergesheimer,0,0,0,0,0,0,0,0,2
Andrei Markov,0,0,0,0,0,0,0,0,2
Dennis Ververgaert,0,0,0,0,0,0,0,0,2
Greg Polis,0,0,0,0,0,0,0,0,3
Jimmy Carson,0,0,0,0,0,0,0,0,1
Joe Cirella,0,0,0,0,0,0,0,0,1
Real Cloutier,0,0,0,0,0,0,0,0,1
Kelly Kisio,0,0,0,0,0,0,0,0,1
Espen Knutsen,0,0,0,0,0,0,0,0,1
Dan Maloney,0,0,0,0,0,0,0,0,1
Brad Marsh,0,0,0,0,0,0,0,0,1
Milan Michalek,0,0,0,0,0,0,0,0,1
Mattias Ohlund,0,0,0,0,0,0,0,0,1
Jason Pominville,0,0,0,0,0,0,0,0,1
Mike Ridley,0,0,0,0,0,0,0,0,1
Darcy Rota,0,0,0,0,0,0,0,0,1
Doug Smail,0,0,0,0,0,0,0,0,1
Paul Stastny,0,0,0,0,0,0,0,0,1
Lubomir Vinovsky,0,0,0,0,0,0,0,0,1
Radim Vrbata,0,0,0,0,0,0,0,0,1
Dmitri Yushkevich,0,0,0,0,0,0,0,0,1
Alexei Zhamnov,0,0,0,0,0,0,0,0,1
Nick Foligno,0,0,0,0,0,0,0,0,1
Bobby Ryan,0,0,0,0,0,0,0,0,1
Kyle Palmieri,0,0,0,0,0,0,0,0,1
Sami Kapanen,0,0,0,0,0,0,0,0,2
Jacques Lemaire,0,0,0,0,0,0,0,0,2
Trevor Linden,0,0,0,0,0,0,0,0,2
Al MacAdam,0,0,0,0,0,0,0,0,2
Steve Payne,0,0,0,0,0,0,0,0,2
Johnny Peirson,0,0,0,0,0,0,0,0,2
Rene Robert,0,0,0,0,0,0,0,0,2
Geoff Sanderson,0,0,0,0,0,0,0,0,2
Rick Middleton,0,0,0,0,0,0,0,0,3
Zigmund Palffy,0,0,0,0,0,0,0,0,3
Bert Olmstead,0,0,0,0,0,0,0,0,4
Paul Ronty,0,0,0,0,0,0,0,0,4
Dick Duff,0,0,0,0,0,0,0,0,7
Don Marshall,0,0,0,0,0,0,0,0,7
Marcel Pronovost,0,0,0,0,0,0,0,0,11
Jason Blake,0,0,0,0,0,0,0,0,1
Valeri Bure,0,0,0,0,0,0,0,0,1
"Billy Harris, Jr.",0,0,0,0,0,0,0,0,1
Scott Hartnell,0,0,0,0,0,0,0,0,1
Ed Johnstone,0,0,0,0,0,0,0,0,1
Martin Rucinsky,0,0,0,0,0,0,0,0,1
Robert Svehla,0,0,0,0,0,0,0,0,1
Ryan Nugent-Hopkins,0,0,0,0,0,0,0,0,1
Aleksander Barkov,0,0,0,0,0,0,0,0,1
Brady Tkachuk,0,0,0,0,0,0,0,0,1
Todd Bertuzzi,0,0,0,0,0,0,0,0,2
Kevin Dineen,0,0,0,0,0,0,0,0,2
Bernie Federko,0,0,0,0,0,0,0,0,2
Dave Manson,0,0,0,0,0,0,0,0,2
Oliver Ekman Larsson,0,0,0,0,0,0,0,0,2
Teppo Numminen,0,0,0,0,0,0,0,0,3
Keith Yandle,0,0,0,0,0,0,0,0,3
Glenn Anderson,0,0,0,0,0,0,0,0,4
Guy Lapointe,0,0,0,0,0,0,0,0,4
Larry Hillman,0,0,0,0,0,0,0,0,5
Dennis Hull,0,0,0,0,0,0,0,0,5
George Sullivan,0,0,0,0,0,0,0,0,5
Bill White,0,0,0,0,0,0,0,0,6
Jean-Claude Tremblay,0,0,0,0,0,0,0,0,7
Bill Gadsby,0,0,0,0,0,0,0,0,8
Adrian Aucoin,0,0,0,0,0,0,0,0,1
Wayne Babych,0,0,0,0,0,0,0,0,1
Randy Burridge,0,0,0,0,0,0,0,0,1
Miroslav Frycer,0,0,0,0,0,0,0,0,1
Dave Gagner,0,0,0,0,0,0,0,0,1
Andy Hebenton,0,0,0,0,0,0,0,0,1
Anders Hedberg,0,0,0,0,0,0,0,0,1
Igor Kravchuk,0,0,0,0,0,0,0,0,1
Don Luce,0,0,0,0,0,0,0,0,1
Tom McCarthy,0,0,0,0,0,0,0,0,1
Al McDonough,0,0,0,0,0,0,0,0,1
Zach Parise,0,0,0,0,0,0,0,0,1
Stan Smrke,0,0,0,0,0,0,0,0,1
Ron Stackhouse,0,0,0,0,0,0,0,0,1
Marco Sturm,0,0,0,0,0,0,0,0,1
Tony Tanti,0,0,0,0,0,0,0,0,1
Walt Tkaczuk,0,0,0,0,0,0,0,0,1
Behn Wilson,0,0,0,0,0,0,0,0,1
Curt Bennett,0,0,0,0,0,0,0,0,2
Bob Berry,0,0,0,0,0,0,0,0,2
Paul Henderson,0,0,0,0,0,0,0,0,2
Bobby Schmautz,0,0,0,0,0,0,0,0,2
Leo Boivin,0,0,0,0,0,0,0,0,3
Shayne Corson,0,0,0,0,0,0,0,0,3
Craig Hartsburg,0,0,0,0,0,0,0,0,3
Reed Larson,0,0,0,0,0,0,0,0,3
Jim Roberts,0,0,0,0,0,0,0,0,3
Doug Mohns,0,0,0,0,0,0,0,0,7
Jason Allison,0,0,0,0,0,0,0,0,1
Donald Audette,0,0,0,0,0,0,0,0,1
Hy Buller,0,0,0,0,0,0,0,0,1
Mariusz Czerkawski,0,0,0,0,0,0,0,0,1
Denis Dupere,0,0,0,0,0,0,0,0,1
Dan Girardi,0,0,0,0,0,0,0,0,1
Paul Holmgren,0,0,0,0,0,0,0,0,1
Robert Lang,0,0,0,0,0,0,0,0,1
Peter McNab,0,0,0,0,0,0,0,0,1
Rudy Migay,0,0,0,0,0,0,0,0,1
Brian Mullen,0,0,0,0,0,0,0,0,1
Mike Murphy,0,0,0,0,0,0,0,0,1
Bob Probert,0,0,0,0,0,0,0,0,1
Duane Rupp,0,0,0,0,0,0,0,0,1
Rod Seiling,0,0,0,0,0,0,0,0,1
Ryan Smyth,0,0,0,0,0,0,0,0,1
Mark Tinordi,0,0,0,0,0,0,0,0,1
Darren Turcotte,0,0,0,0,0,0,0,0,1
Sylvain Turgeon,0,0,0,0,0,0,0,0,1
Dennis Wideman,0,0,0,0,0,0,0,0,1
Bob Woytowich,0,0,0,0,0,0,0,0,1
Kyle Okposo,0,0,0,0,0,0,0,0,1
Josh Bailey,0,0,0,0,0,0,0,0,1
Logan Couture,0,0,0,0,0,0,0,0,1
Leo Komarov,0,0,0,0,0,0,0,0,1
Jordan Eberle,0,0,0,0,0,0,0,0,1
Zach Werenski,0,0,0,0,0,0,0,0,1
Mitchell Marner,0,0,0,0,0,0,0,0,1
Barry Beck,0,0,0,0,0,0,0,0,2
Real Chevrefils,0,0,0,0,0,0,0,0,2
Wendel Clark,0,0,0,0,0,0,0,0,2
Dave Creighton,0,0,0,0,0,0,0,0,2
John Cullen,0,0,0,0,0,0,0,0,2
Dave Ellett,0,0,0,0,0,0,0,0,2
Rick Kehoe,0,0,0,0,0,0,0,0,2
Dmitri Khristich,0,0,0,0,0,0,0,0,2
Dennis Maruk,0,0,0,0,0,0,0,0,2
Bob Murray,0,0,0,0,0,0,0,0,2
Danny O'Shea,0,0,0,0,0,0,0,0,2
Don Raleigh,0,0,0,0,0,0,0,0,2
Al Secord,0,0,0,0,0,0,0,0,2
Charlie Simmer,0,0,0,0,0,0,0,0,2
Alexei Zhitnik,0,0,0,0,0,0,0,0,2
Roman Hamrlik,0,0,0,0,0,0,0,0,3
Joey Johnston,0,0,0,0,0,0,0,0,3
Jim Morrison,0,0,0,0,0,0,0,0,3
Bernie Nicholls,0,0,0,0,0,0,0,0,3
Borje Salming,0,0,0,0,0,0,0,0,3
Steve Shutt,0,0,0,0,0,0,0,0,3
Jerry Toppazzini,0,0,0,0,0,0,0,0,3
Mark Howe,0,0,0,0,0,0,0,0,4
Barclay Plager,0,0,0,0,0,0,0,0,4
Pat Stapleton,0,0,0,0,0,0,0,0,4
Dave Taylor,0,0,0,0,0,0,0,0,4
Ted Harris,0,0,0,0,0,0,0,0,5
Bill Mosienko,0,0,0,0,0,0,0,0,5
Jean-Guy Talbot,0,0,0,0,0,0,0,0,7
Bill Quackenbush,0,0,0,0,0,0,0,0,8
Greg Adams,0,0,0,0,0,0,0,0,1
Bob Armstrong,0,0,0,0,0,0,0,0,1
Norm Barnes,0,0,0,0,0,0,0,0,1
Gary Bergman,0,0,0,0,0,0,0,0,1
Andre Boudrias,0,0,0,0,0,0,0,0,1
Eric Brewer,0,0,0,0,0,0,0,0,1
Mike Bullard,0,0,0,0,0,0,0,0,1
Garth Butcher,0,0,0,0,0,0,0,0,1
Petr Buzek,0,0,0,0,0,0,0,0,1
Paul Cavallini,0,0,0,0,0,0,0,0,1
Guy Charron,0,0,0,0,0,0,0,0,1
Steve Chiasson,0,0,0,0,0,0,0,0,1
Dave Christian,0,0,0,0,0,0,0,0,1
Norm Corcoran,0,0,0,0,0,0,0,0,1
Russ Courtnall,0,0,0,0,0,0,0,0,1
Ron Duguay,0,0,0,0,0,0,0,0,1
Tim Ecclestone,0,0,0,0,0,0,0,0,1
Alexander Edler,0,0,0,0,0,0,0,0,1
Pat Egan,0,0,0,0,0,0,0,0,1
Roland Eriksson,0,0,0,0,0,0,0,0,1
Ray Ferraro,0,0,0,0,0,0,0,0,1
Barry Gibbs,0,0,0,0,0,0,0,0,1
Warren Godfrey,0,0,0,0,0,0,0,0,1
Thomas Gradin,0,0,0,0,0,0,0,0,1
Tony Granato,0,0,0,0,0,0,0,0,1
Ron Greschner,0,0,0,0,0,0,0,0,1
Jocelyn Guevremont,0,0,0,0,0,0,0,0,1
Murray Hall,0,0,0,0,0,0,0,0,1
Ted Hampson,0,0,0,0,0,0,0,0,1
Gord Hollingworth,0,0,0,0,0,0,0,0,1
Shawn Horcoff,0,0,0,0,0,0,0,0,1
William Huber,0,0,0,0,0,0,0,0,1
Dale Hunter,0,0,0,0,0,0,0,0,1
Doug Jarrett,0,0,0,0,0,0,0,0,1
Alexei Kasatonov,0,0,0,0,0,0,0,0,1
Mike Komisarek,0,0,0,0,0,0,0,0,1
Sergei Krivokrasov,0,0,0,0,0,0,0,0,1
Filip Kuba,0,0,0,0,0,0,0,0,1
Scott Lachance,0,0,0,0,0,0,0,0,1
Jackie LeClair,0,0,0,0,0,0,0,0,1
Don Lever,0,0,0,0,0,0,0,0,1
Lynn Libett,0,0,0,0,0,0,0,0,1
Lars Lindgren,0,0,0,0,0,0,0,0,1
Blair MacDonald,0,0,0,0,0,0,0,0,1
Paul MacLean,0,0,0,0,0,0,0,0,1
Randy Manery,0,0,0,0,0,0,0,0,1
Bob Manno,0,0,0,0,0,0,0,0,1
John Marks,0,0,0,0,0,0,0,0,1
Gilles Marotte,0,0,0,0,0,0,0,0,1
Frank Martin,0,0,0,0,0,0,0,0,1
Frank Mathers,0,0,0,0,0,0,0,0,1
Brad Maxwell,0,0,0,0,0,0,0,0,1
Kevin McCarthy,0,0,0,0,0,0,0,0,1
Jim McKenny,0,0,0,0,0,0,0,0,1
Scott Mellanby,0,0,0,0,0,0,0,0,1
Gerry Melnyk,0,0,0,0,0,0,0,0,1
Don Metz,0,0,0,0,0,0,0,0,1
Nick Mickoski,0,0,0,0,0,0,0,0,1
Jaroslav Modry,0,0,0,0,0,0,0,0,1
Don Murdoch,0,0,0,0,0,0,0,0,1
Frans Nielsen,0,0,0,0,0,0,0,0,1
Janne Niinimaa,0,0,0,0,0,0,0,0,1
Mike O'Connell,0,0,0,0,0,0,0,0,1
Jeff O'Neill,0,0,0,0,0,0,0,0,1
Mark Parrish,0,0,0,0,0,0,0,0,1
Don Poile,0,0,0,0,0,0,0,0,1
Tom Poti,0,0,0,0,0,0,0,0,1
Tracy Pratt,0,0,0,0,0,0,0,0,1
Marcus Ragnarsson,0,0,0,0,0,0,0,0,1
Craig Ramsay,0,0,0,0,0,0,0,0,1
Pekka Rautakallio,0,0,0,0,0,0,0,0,1
Wade Redden,0,0,0,0,0,0,0,0,1
Mike Ribeiro,0,0,0,0,0,0,0,0,1
Doug Roberts,0,0,0,0,0,0,0,0,1
Stephane Robidas,0,0,0,0,0,0,0,0,1
Mike Rogers,0,0,0,0,0,0,0,0,1
Christian Ruuttu,0,0,0,0,0,0,0,0,1
Gregg Sheppard,0,0,0,0,0,0,0,0,1
Robert Sirois,0,0,0,0,0,0,0,0,1
Frank St. Marseille,0,0,0,0,0,0,0,0,1
Marian Stastny,0,0,0,0,0,0,0,0,1
Blaine Stoughton,0,0,0,0,0,0,0,0,1
Martin Straka,0,0,0,0,0,0,0,0,1
Ian Turnbull,0,0,0,0,0,0,0,0,1
Thomas Vanek,0,0,0,0,0,0,0,0,1
Tiger Williams,0,0,0,0,0,0,0,0,1
Mike York,0,0,0,0,0,0,0,0,1
Tim Young,0,0,0,0,0,0,0,0,1
Zarley Zalapski,0,0,0,0,0,0,0,0,1
Brian Boyle,0,0,0,0,0,0,0,0,1
Marc Staal,0,0,0,0,0,0,0,0,1
Chris Kreider,0,0,0,0,0,0,0,0,1
John Klingberg,0,0,0,0,0,0,0,0,1
Bob Brown,0,0,0,0,0,0,0,0,1
Zemgus Girgensons,0,0,0,0,0,0,0,0,1
Jaccob Slavin,0,0,0,0,0,0,0,0,1
Patrik Laine,0,0,0,0,0,0,0,0,1
Noah Hanifin,0,0,0,0,0,0,0,0,1
Thomas Chabot,0,0,0,0,0,0,0,0,1
Clayton Keller,0,0,0,0,0,0,0,0,1
Miro Heiskanen,0,0,0,0,0,0,0,0,1
Brian Bradley,0,0,0,0,0,0,0,0,2
Bob Dailey,0,0,0,0,0,0,0,0,2
Garry Galley,0,0,0,0,0,0,0,0,2
Danny Gare,0,0,0,0,0,0,0,0,2
Vic Hadfield,0,0,0,0,0,0,0,0,2
Dennis Hextall,0,0,0,0,0,0,0,0,2
Bronco Horvath,0,0,0,0,0,0,0,0,2
Jerry Korab,0,0,0,0,0,0,0,0,2
Leo Labine,0,0,0,0,0,0,0,0,2
Morris Lukowich,0,0,0,0,0,0,0,0,2
Keith Magnuson,0,0,0,0,0,0,0,0,2
Glen Murray,0,0,0,0,0,0,0,0,2
Jim Neilson,0,0,0,0,0,0,0,0,2
Mattias Norstrom,0,0,0,0,0,0,0,0,2
Jean-Paul Parise,0,0,0,0,0,0,0,0,2
Robert Picard,0,0,0,0,0,0,0,0,2
Dave Poulin,0,0,0,0,0,0,0,0,2
Keith Primeau,0,0,0,0,0,0,0,0,2
Paul Reinhart,0,0,0,0,0,0,0,0,2
Gary Sabourin,0,0,0,0,0,0,0,0,2
Ken Schinkel,0,0,0,0,0,0,0,0,2
Jim Schoenfeld,0,0,0,0,0,0,0,0,2
Reggie Sinclair,0,0,0,0,0,0,0,0,2
Harold Snepsts,0,0,0,0,0,0,0,0,2
Dale Tallon,0,0,0,0,0,0,0,0,2
Dave Burrows,0,0,0,0,0,0,0,0,3
Tom Lysiak,0,0,0,0,0,0,0,0,3
Wilf Paiement,0,0,0,0,0,0,0,0,3
Phil Russell,0,0,0,0,0,0,0,0,3
Bill Goldsworthy,0,0,0,0,0,0,0,0,4
Al Iafrate,0,0,0,0,0,0,0,0,4
Jean Pronovost,0,0,0,0,0,0,0,0,4
Mike Ramsey,0,0,0,0,0,0,0,0,4
Leo Reise,0,0,0,0,0,0,0,0,4
Ed Sandford,0,0,0,0,0,0,0,0,5
Dollard St-Laurent,0,0,0,0,0,0,0,0,5
Jim Watson,0,0,0,0,0,0,0,0,5
Bob Turner,0,0,0,0,0,0,0,0,6
